{"alpha": [3.1578947368421053, 3.1578947368421053, 3.1578947368421053, 3.1578947368421053, 3.1578947368421053, 0.3157894736842105, 0.3157894736842105, 0.3157894736842105, 0.3157894736842105, 0.3157894736842105, 0.3157894736842105, 0.3157894736842105, 0.3157894736842105, 0.3157894736842105, 0.3157894736842105, 3.1578947368421053, 3.1578947368421053, 1.5789473684210527, 1.5789473684210527, 1.5789473684210527], "init_counts": null, "counts": [[0.0, 0.0, 0.0, 0.0, 0.0, 0.0, 0.0, 0.0, 0.0, 0.0, 0.0, 0.0, 0.0, 0.0, 0.0, 0.0, 0.0, 0.0, 0.0, 0.0], [0.0, 0.0, 0.0, 0.0, 0.0, 0.0, 0.0, 0.0, 0.0, 0.0, 0.0, 0.0, 0.0, 0.0, 0.0, 0.0, 0.0, 0.0, 0.0, 0.0], [0.0, 1.0, 0.0, 0.0, 0.0, 0.0, 0.0, 0.0, 0.0, 0.0, 0.0, 0.0, 0.0, 0.0, 0.0, 0.0, 0.0, 0.0, 0.0, 0.0], [0.0, 0.0, 0.0, 0.0, 0.0, 0.0, 0.0, 0.0, 0.0, 0.0, 0.0, 0.0, 0.0, 0.0, 0.0, 0.0, 0.0, 0.0, 0.0, 0.0], [0.0, 0.0, 0.0, 0.0, 0.0, 0.0, 0.0, 0.0, 0.0, 0.0, 0.0, 0.0, 0.0, 0.0, 0.0, 0.0, 0.0, 0.0, 0.0, 0.0], [0.0, 0.0, 0.0, 0.0, 0.0, 0.0, 0.0, 0.0, 0.0, 0.0, 0.0, 0.0, 0.0, 0.0, 0.0, 0.0, 0.0, 0.0, 0.0, 0.0], [0.0, 0.0, 0.0, 0.0, 0.0, 0.0, 0.0, 0.0, 0.0, 0.0, 0.0, 0.0, 0.0, 0.0, 0.0, 0.0, 0.0, 0.0, 0.0, 0.0], [0.0, 0.0, 0.0, 0.0, 0.0, 0.0, 0.0, 0.0, 0.0, 0.0, 0.0, 0.0, 0.0, 0.0, 0.0, 0.0, 0.0, 0.0, 0.0, 0.0], [0.0, 0.0, 0.0, 0.0, 0.0, 0.0, 0.0, 0.0, 0.0, 0.0, 0.0, 0.0, 0.0, 0.0, 0.0, 0.0, 0.0, 0.0, 0.0, 0.0], [0.0, 0.0, 0.0, 0.0, 0.0, 0.0, 0.0, 0.0, 0.0, 0.0, 0.0, 0.0, 0.0, 0.0, 0.0, 0.0, 0.0, 0.0, 0.0, 0.0]], "phis": [[0.10526315789473685, 0.10526315789473685, 0.10526315789473685, 0.10526315789473685, 0.10526315789473685, 0.010526315789473684, 0.010526315789473684, 0.010526315789473684, 0.010526315789473684, 0.010526315789473684, 0.010526315789473684, 0.010526315789473684, 0.010526315789473684, 0.010526315789473684, 0.010526315789473684, 0.10526315789473685, 0.10526315789473685, 0.052631578947368425, 0.052631578947368425, 0.052631578947368425], [0.10526315789473685, 0.10526315789473685, 0.10526315789473685, 0.10526315789473685, 0.10526315789473685, 0.010526315789473684, 0.010526315789473684, 0.010526315789473684, 0.010526315789473684, 0.010526315789473684, 0.010526315789473684, 0.010526315789473684, 0.010526315789473684, 0.010526315789473684, 0.010526315789473684, 0.10526315789473685, 0.10526315789473685, 0.052631578947368425, 0.052631578947368425, 0.052631578947368425], [0.10186757215619695, 0.13412563667232597, 0.10186757215619695, 0.10186757215619695, 0.10186757215619695, 0.010186757215619693, 0.010186757215619693, 0.010186757215619693, 0.010186757215619693, 0.010186757215619693, 0.010186757215619693, 0.010186757215619693, 0.010186757215619693, 0.010186757215619693, 0.010186757215619693, 0.10186757215619695, 0.10186757215619695, 0.050933786078098474, 0.050933786078098474, 0.050933786078098474], [0.10526315789473685, 0.10526315789473685, 0.10526315789473685, 0.10526315789473685, 0.10526315789473685, 0.010526315789473684, 0.010526315789473684, 0.010526315789473684, 0.010526315789473684, 0.010526315789473684, 0.010526315789473684, 0.010526315789473684, 0.010526315789473684, 0.010526315789473684, 0.010526315789473684, 0.10526315789473685, 0.10526315789473685, 0.052631578947368425, 0.052631578947368425, 0.052631578947368425], [0.10526315789473685, 0.10526315789473685, 0.10526315789473685, 0.10526315789473685, 0.10526315789473685, 0.010526315789473684, 0.010526315789473684, 0.010526315789473684, 0.010526315789473684, 0.010526315789473684, 0.010526315789473684, 0.010526315789473684, 0.010526315789473684, 0.010526315789473684, 0.010526315789473684, 0.10526315789473685, 0.10526315789473685, 0.052631578947368425, 0.052631578947368425, 0.052631578947368425], [0.10526315789473685, 0.10526315789473685, 0.10526315789473685, 0.10526315789473685, 0.10526315789473685, 0.010526315789473684, 0.010526315789473684, 0.010526315789473684, 0.010526315789473684, 0.010526315789473684, 0.010526315789473684, 0.010526315789473684, 0.010526315789473684, 0.010526315789473684, 0.010526315789473684, 0.10526315789473685, 0.10526315789473685, 0.052631578947368425, 0.052631578947368425, 0.052631578947368425], [0.10526315789473685, 0.10526315789473685, 0.10526315789473685, 0.10526315789473685, 0.10526315789473685, 0.010526315789473684, 0.010526315789473684, 0.010526315789473684, 0.010526315789473684, 0.010526315789473684, 0.010526315789473684, 0.010526315789473684, 0.010526315789473684, 0.010526315789473684, 0.010526315789473684, 0.10526315789473685, 0.10526315789473685, 0.052631578947368425, 0.052631578947368425, 0.052631578947368425], [0.10526315789473685, 0.10526315789473685, 0.10526315789473685, 0.10526315789473685, 0.10526315789473685, 0.010526315789473684, 0.010526315789473684, 0.010526315789473684, 0.010526315789473684, 0.010526315789473684, 0.010526315789473684, 0.010526315789473684, 0.010526315789473684, 0.010526315789473684, 0.010526315789473684, 0.10526315789473685, 0.10526315789473685, 0.052631578947368425, 0.052631578947368425, 0.052631578947368425], [0.10526315789473685, 0.10526315789473685, 0.10526315789473685, 0.10526315789473685, 0.10526315789473685, 0.010526315789473684, 0.010526315789473684, 0.010526315789473684, 0.010526315789473684, 0.010526315789473684, 0.010526315789473684, 0.010526315789473684, 0.010526315789473684, 0.010526315789473684, 0.010526315789473684, 0.10526315789473685, 0.10526315789473685, 0.052631578947368425, 0.052631578947368425, 0.052631578947368425], [0.10526315789473685, 0.10526315789473685, 0.10526315789473685, 0.10526315789473685, 0.10526315789473685, 0.010526315789473684, 0.010526315789473684, 0.010526315789473684, 0.010526315789473684, 0.010526315789473684, 0.010526315789473684, 0.010526315789473684, 0.010526315789473684, 0.010526315789473684, 0.010526315789473684, 0.10526315789473685, 0.10526315789473685, 0.052631578947368425, 0.052631578947368425, 0.052631578947368425]], "K": 20, "N": 10, "b": 1, "T": 100000, "zeta": 1.0, "gamma": 1.0, "eta": 1.0, "datapoints": [1, 2, 3, 4, 5, 6, 7, 8, 9, 10, 11, 12, 13, 14, 15, 16, 17, 18, 19, 20, 21, 22, 23, 24, 25, 26, 27, 28, 29, 30, 31, 32, 33, 34, 35, 36, 37, 38, 39, 40, 41, 43, 44, 45, 46, 48, 49, 50, 52, 53, 55, 56, 58, 60, 61, 63, 65, 67, 69, 71, 73, 75, 77, 79, 81, 83, 86, 88, 91, 93, 96, 99, 101, 104, 107, 110, 113, 116, 120, 123, 127, 130, 134, 138, 142, 145, 150, 154, 158, 163, 167, 172, 177, 182, 187, 192, 197, 203, 209, 215, 221, 227, 233, 240, 247, 253, 261, 268, 275, 283, 291, 299, 308, 316, 325, 335, 344, 354, 364, 374, 384, 395, 406, 418, 429, 441, 454, 467, 480, 493, 507, 521, 536, 551, 566, 582, 599, 615, 633, 651, 669, 688, 707, 727, 747, 768, 790, 812, 835, 858, 882, 907, 933, 959, 986, 1013, 1042, 1071, 1101, 1132, 1164, 1197, 1230, 1265, 1300, 1337, 1374, 1413, 1453, 1493, 1535, 1579, 1623, 1668, 1715, 1763, 1813, 1864, 1916, 1970, 2025, 2082, 2141, 2201, 2263, 2326, 2391, 2459, 2528, 2599, 2672, 2747, 2824, 2903, 2985, 3068, 3154, 3243, 3334, 3428, 3524, 3623, 3725, 3829, 3937, 4047, 4161, 4278, 4398, 4521, 4648, 4779, 4913, 5051, 5193, 5338, 5488, 5642, 5801, 5964, 6131, 6303, 6480, 6662, 6849, 7041, 7239, 7442, 7651, 7866, 8087, 8314, 8547, 8787, 9034, 9288, 9549, 9817, 10092, 10376, 10667, 10966, 11274, 11591, 11916, 12251, 12595, 12948, 13312, 13685, 14070, 14465, 14871, 15288, 15717, 16159, 16612, 17079, 17558, 18051, 18558, 19079, 19614, 20165, 20731, 21313, 21911, 22527, 23159, 23809, 24478, 25165, 25871, 26598, 27344, 28112, 28901, 29712, 30547, 31404, 32286, 33192, 34124, 35082, 36067, 37079, 38120, 39191, 40291, 41422, 42585, 43780, 45009, 46273, 47572, 48907, 50280, 51692, 53143, 54635, 56169, 57746, 59367, 61033, 62747, 64508, 66319, 68181, 70095, 72063, 74086, 76166, 78304, 80502, 82762, 85086, 87474, 89930, 92455, 95050, 97719], "datascale": "log", "hazard": "deterministic", "record": true, "record_utterances": true}